{"_wandb":{"runtime":20},"_runtime":20,"accuracy":0.29318181818181815,"_timestamp":1.7647979946184187e+09,"_step":0}