{"_runtime":19,"_wandb":{"runtime":19},"accuracy":0.27136363636363636,"_timestamp":1.7647979721347501e+09,"_step":0}