{"_timestamp":1.7647979502912357e+09,"_step":0,"_wandb":{"runtime":21},"_runtime":21,"accuracy":0.2381818181818182}