run_id,classifier,detector,codebook_size,spatial_pyramid,pyramid_levels,dense_sift,dense_step,dense_scales,pca_dim,encoding_type,scaler_type,fold_1_train_acc,fold_1_val_acc,fold_2_train_acc,fold_2_val_acc,fold_3_train_acc,fold_3_val_acc,fold_4_train_acc,fold_4_val_acc,fold_5_train_acc,fold_5_val_acc,mean_train_acc,std_train_acc,mean_val_acc,std_val_acc,final_train_acc,test_acc,pca_explained_variance,clf_params
0,LogisticRegression,AKAZE,512,None,1,False,8,[16],None,bovw,none,0.3495103686635945,0.18976423231742381,0.3542536346624442,0.19930875576036866,0.35752339812814976,0.19677790563866512,0.3567007341298402,0.19009216589861752,0.3624982011800259,0.19434832756632064,0.35609726735281094,0.004246320544629713,0.19405827743627918,0.003720669119414465,0.33444661983185536,0.2019099590723056,N/A,"{'C': 1.0, 'max_iter': 1000, 'solver': 'lbfgs'}"
1,LogisticRegression,SIFT,512,None,1,False,8,[16],None,bovw,none,0.44862767639028595,0.3375503162737205,0.4513579537289841,0.32547441058079357,0.4550158091405576,0.32873563218390806,0.44064386317907445,0.3264367816091954,0.44797355561943086,0.3367816091954023,0.44872377161166666,0.004741004752113635,0.330995749968604,0.005153950329187696,0.43757185559898826,0.33454545454545453,N/A,"{'C': 1.0, 'max_iter': 1000, 'solver': 'lbfgs'}"
2,LogisticRegression,ORB,512,None,1,False,8,[16],None,bovw,none,0.34679505605058925,0.16791259344450835,0.33194424486276763,0.1892980437284235,0.3431076613482823,0.1810344827586207,0.34095155958027884,0.1810344827586207,0.3377892769872071,0.19942528735632184,0.34011755976582503,0.0050289004165664525,0.183740978009299,0.010412171052326868,0.32332988386800043,0.1759090909090909,N/A,"{'C': 1.0, 'max_iter': 1000, 'solver': 'lbfgs'}"
