run_id,classifier,detector,codebook_size,spatial_pyramid,pyramid_levels,dense_sift,dense_step,dense_scales,pca_dim,encoding_type,scaler_type,fold_1_train_acc,fold_1_val_acc,fold_2_train_acc,fold_2_val_acc,fold_3_train_acc,fold_3_val_acc,fold_4_train_acc,fold_4_val_acc,fold_5_train_acc,fold_5_val_acc,mean_train_acc,std_train_acc,mean_val_acc,std_val_acc,final_train_acc,test_acc,pca_explained_variance,clf_params
0,SVM,SIFT,512,None,1,False,8,[16],None,bovw,None,0.7651961488719644,0.3496262219666475,0.7672079321741629,0.3479010925819436,0.7614256970393791,0.3252873563218391,0.7704800229951135,0.35402298850574715,0.7671744754239724,0.34367816091954023,0.7662968553009184,0.002967790678562464,0.34410316405914354,0.009975435782373159,0.7571855598988273,0.34363636363636363,N/A,"{'C': 1.0, 'kernel': 'rbf', 'gamma': 'scale'}"
1,SVM,SIFT,512,None,1,False,8,[16],None,bovw,l1,0.6515303922977439,0.34732604945370904,0.6624515016525363,0.339850488786659,0.6471687266455878,0.314367816091954,0.6622592699051452,0.32873563218390806,0.6493245185398103,0.3293103448275862,0.6545468818081647,0.006523394909380782,0.3319180662687633,0.011182742525139412,0.6477351115198896,0.3336363636363636,N/A,"{'C': 1.0, 'kernel': 'rbf', 'gamma': 'scale'}"
2,SVM,SIFT,512,None,1,False,8,[16],None,bovw,l2,0.7791349331800546,0.3375503162737205,0.7570053168558701,0.34445083381253594,0.7622880137970681,0.3252873563218391,0.7716297786720322,0.3563218390804598,0.7707674619143432,0.3431034482758621,0.7681651008838737,0.00772262167780577,0.34134275875288345,0.010092488026381697,0.7351115198896297,0.3440909090909091,N/A,"{'C': 1.0, 'kernel': 'rbf', 'gamma': 'scale'}"
3,SVM,SIFT,512,None,1,False,8,[16],None,bovw,standard,0.8560137950855008,0.34905117883841286,0.8505532404081046,0.32547441058079357,0.8548433457890199,0.31724137931034485,0.8578614544409313,0.3258620689655172,0.8549870652486347,0.34770114942528735,0.8548517801944383,0.002404339208881779,0.33306603742407115,0.012881467411909103,0.8383536445159807,0.3322727272727273,N/A,"{'C': 1.0, 'kernel': 'rbf', 'gamma': 'scale'}"
